,id,country
0,48,United Kingdom
1,50,Africa
2,52,United States
3,53,United Kingdom
4,54,South Africa
5,55,China
6,57,Philippines
7,66,United States
8,71,United Kingdom
9,73,United States
10,74,India
11,76,Barbados
12,77,United States
13,78,Nigeria
14,79,United States
15,80,South Africa
16,81,Brazil
17,82,United States
18,91,Canada
19,92,Canada
20,93,United Kingdom
21,95,United States
22,97,United States
23,98,United States
24,100,United Kingdom
25,102,United States
26,104,United States
27,105,Australia
28,107,United States
29,110,Germany
30,112,United States
31,113,United States
32,114,Kenya
33,120,United States
34,121,United States
35,128,United States
36,129,Maldives
37,130,United States
38,131,United States
39,133,United States
40,136,Canada
41,137,United States
42,138,United States
43,139,United States
44,141,United Kingdom
45,144,United Kingdom
46,145,Kenya
47,151,Switzerland
48,156,United States
49,163,Belgium
50,164,Switzerland
51,165,United States
52,171,Switzerland
53,172,Switzerland
54,173,Canada
55,174,United States
56,178,United States
57,183,Canada
58,185,United States
59,196,Mexico
60,197,United States
61,198,United States
62,199,United States
63,204,India
64,205,India
65,208,United States
66,209,India
67,212,Indonesia
68,215,United States
69,219,India
70,220,Sri Lanka
71,225,United States
72,226,Canada
73,231,India
74,232,United States
75,235,India
76,237,France
77,240,Israel
78,242,Canada
79,243,Italy
80,244,United States
81,245,Canada
82,247,United States
83,248,United States
84,251,United States
85,252,United Kingdom
86,256,United States
87,258,United States
88,260,India
89,262,The Netherlands
90,263,United Kingdom
91,267,United States
92,268,United States
93,270,Pakistan
94,273,United States
95,277,Germany
96,280,Canada
97,283,United States
98,287,United States
99,289,Germany
100,294,United States
101,298,United States
102,299,South Africa
103,309,United Kingdom
104,310,United States
105,314,United States
106,316,United States
107,322,United Kingdom
108,331,United Kingdom
109,332,United States
110,337,Canada
111,344,United Kingdom
112,345,United States
113,346,United States
114,353,United States
115,354,Spain
116,363,United States
117,368,United States
118,370,United States
119,371,United States
120,380,United States
121,381,Slovenia
122,383,United States
123,384,United States
124,390,United States
125,394,United States
126,396,United States
127,402,United States
128,404,United States
129,406,United States
130,410,United States
131,412,United States
132,418,United States
133,420,Argentina
134,426,United States
135,427,United States
136,429,United States
137,432,United States
138,438,United States
139,444,Japan
140,446,United States
141,447,United States
142,452,The Netherlands
143,454,United States
144,457,Canada
145,459,United Kingdom
146,461,United States
147,462,United States
148,465,United States
149,466,United States
150,468,The Netherlands
151,469,Ireland
152,471,United States
153,477,United States
154,478,Canada
155,481,United States
156,482,Finland
157,483,United Kingdom
158,486,United Kingdom
159,487,United Kingdom
160,495,United States
161,506,Cyprus
162,509,United States
163,513,Poland
164,514,Canada
165,517,United States
166,520,Pakistan
167,521,Mexico
168,524,Brazil
169,527,United States
170,528,United States
171,536,United States
172,538,United States
173,540,United States
174,550,United States
175,551,United States
176,552,United States
177,556,United States
178,560,Israel
179,561,United States
180,563,United States
181,564,Italy
182,565,United States
183,568,Pakistan
184,569,United States
185,570,Kenya
186,571,United States
187,574,Israel
188,575,United States
189,577,United States
190,578,Sweden
191,579,Kenya
192,581,United States
193,583,United States
194,584,Israel
195,588,United States
196,599,United States
197,600,United States
198,606,United Kingdom
199,609,Canada
200,614,United States
201,615,United States
202,619,United States
203,623,Australia
204,625,United States
205,630,United States
206,635,United States
207,642,United States
208,646,United States
209,649,United States
210,652,United States
211,656,Ireland
212,657,United States
213,659,United Arab Emirates
214,660,United States
215,661,India
216,662,United States
217,665,United States
218,667,Palestinian Territory
219,672,United Kingdom
220,680,Canada
221,681,India
222,682,United States
223,685,United Kingdom
224,688,United States
225,691,Philippines
226,697,United States
227,699,India
228,700,United States
229,702,United States
230,706,Kazakhstan
231,709,Mauritius
232,710,United States
233,717,United Kingdom
234,719,Canada
235,721,Pakistan
236,725,United States
237,726,United States
238,727,Canada
239,729,The Netherlands
240,730,United States
241,731,United Kingdom
242,735,United States
243,736,United States
244,737,Israel
245,738,United States
246,745,Norway
247,746,United States
248,748,United Kingdom
249,754,United States
250,755,Ireland
251,759,United Kingdom
252,761,United Kingdom
253,767,United States
254,770,United Kingdom
255,774,United States
256,779,United States
257,781,Brazil
258,787,Philippines
259,788,United States
260,790,Canada
261,795,United States
262,796,United States
263,799,United Kingdom
264,800,United States
265,801,Israel
266,804,United States
267,805,United States
268,806,United States
269,808,United States
270,809,United States
271,812,United States
272,817,United States
273,818,United States
274,819,United States
275,820,United States
276,822,United States
277,823,United States
278,826,Australia
279,828,United States
280,829,United States
281,832,United States
282,834,United States
283,837,United States
284,838,United States
285,840,United States
286,841,United States
287,842,United States
288,843,United States
289,846,United States
290,848,Peru
291,851,United States
292,852,United States
293,856,United States
294,857,United States
295,860,United States
296,863,United States
297,864,United States
298,866,United States
299,867,United States
300,870,United States
301,873,United Kingdom
302,874,United States
303,876,Finland
304,883,Australia
305,888,Canada
306,892,The Netherlands
307,894,United States
308,895,United States
309,896,United States
310,911,Hungary
311,928,Australia
312,929,United States
313,934,United States
314,935,United States
315,938,United States
316,939,United States
317,940,United States
318,945,Australia
319,946,United States
320,951,Brazil
321,955,United States
322,956,United States
323,958,United States
324,960,United States
325,961,India
326,962,United States
327,963,United States
328,964,Pakistan
329,965,United States
330,971,United States
331,974,United States
332,976,United States
333,979,United States
334,983,Philippines
335,985,United States
336,993,United States
337,994,United States
338,998,Peru
339,1006,Mexico
340,1010,United States
341,1017,Japan
342,1020,United States
343,1021,United States
344,1022,Nigeria
345,1023,United States
346,1026,United States
347,1031,United States
348,1035,United States
349,1038,United States
350,1043,United States
351,1044,United States
352,1048,France
353,1050,United States
354,1058,United States
355,1061,United States
356,1065,United States
357,1067,United States
358,1069,United States
359,1070,India
360,1078,Spain
361,1080,United States
362,1082,United States
363,1083,United States
364,1091,United States
365,1093,United Kingdom
366,1098,United States
367,1099,United States
368,1102,Vietnam
369,1106,United States
370,1110,United States
371,1112,United States
372,1118,United States
373,1119,United States
374,1120,Canada
375,1124,Canada
376,1128,United States
377,1129,Canada
378,1132,Australia
379,1136,United Kingdom
380,1138,United States
381,1141,The Netherlands
382,1142,United States
383,1143,United States
384,1145,United States
385,1149,United States
386,1152,Sri Lanka
387,1154,South Africa
388,1162,United Kingdom
389,1164,United Kingdom
390,1166,United Kingdom
391,1167,Canada
392,1168,United States
393,1174,United Kingdom
394,1175,United States
395,1182,Canada
396,1183,Canada
397,1185,United States
398,1188,Canada
399,1189,United States
400,1190,Australia
401,1198,United States
402,1201,Canada
403,1206,United States
404,1209,United States
405,1211,United States
406,1213,United States
407,1214,Germany
408,1215,United States
409,1219,Canada
410,1228,United States
411,1239,Egypt
412,1244,United States
413,1251,Australia
414,1253,Czech Republic
415,1262,Denmark
416,1272,United States
417,1273,United States
418,1276,Argentina
419,1277,Indonesia
420,1278,United States
421,1279,United Kingdom
422,1282,Malaysia
423,1283,Ukraine
424,1284,Australia
425,1290,United States
426,1294,United States
427,1296,United Kingdom
428,1297,France
429,1298,United States
430,1300,United States
431,1302,Singapore
432,1303,Australia
433,1305,United States
434,1307,United Kingdom
435,1312,Singapore
436,1315,New Zealand
437,1316,United States
438,1319,Philippines
439,1320,United States
440,1326,Brazil
441,1327,United States
442,1328,United States
443,1331,Canada
444,1334,United States
445,1335,Germany
446,1338,United States
447,1340,United States
448,1341,United States
449,1343,Georgia
450,1345,France
451,1348,United States
452,1349,United States
453,1351,United Kingdom
454,1353,United Kingdom
455,1356,Kenya
456,1360,United States
457,1368,Kazakhstan
458,1372,United Kingdom
459,1375,United States
460,1378,United Kingdom
461,1379,United States
462,1380,United States
463,1384,United States
464,1385,United States
465,1388,United States
466,1389,United States
467,1390,United States
468,1394,United States
469,1395,United States
470,1396,United States
471,1399,United States
472,1402,United Kingdom
473,1406,United States
474,1407,United States
475,1409,United Kingdom
476,1414,United Kingdom
477,1418,United States
478,1419,United States
479,1420,United Kingdom
480,1422,United States
481,1431,Australia
482,1439,United States
483,1441,Japan
484,1443,United States
485,1444,United States
486,1448,United States
487,1458,Denmark
488,1463,United States
489,1466,United States
490,1467,United States
491,1472,United States
492,1475,United States
493,1479,United States
494,1480,United States
495,1482,Canada
496,1484,United Kingdom
497,1486,Canada
498,1487,United States
499,1488,United States
500,1491,United States
501,1494,United States
502,1495,United Kingdom
503,1509,United States
504,1513,United States
505,1515,United States
506,1518,United States
507,1520,United States
508,1530,Denmark
509,1532,United States
510,1540,United Kingdom
511,1543,Canada
512,1544,United States
513,1545,Australia
514,1547,United States
515,1553,United States
516,1556,Ireland
517,1560,Nigeria
518,1561,Canada
519,1567,United States
520,1568,United States
521,1574,Japan
522,1576,United States
523,1577,United States
524,1579,Canada
525,1585,United States
526,1590,Netherlands
527,1594,Japan
528,1595,Germany
529,1596,Australia
530,1604,United States
531,1610,Kenya
532,1614,Iraq
533,1619,United States
534,1621,Australia
535,1622,South Africa
536,1625,Nigeria
537,1627,United States
538,1628,Italy
539,1632,United Kingdom
540,1636,Australia
541,1649,United States
542,1652,United States
543,1654,United States
544,1660,United States
545,1662,United States
546,1663,United States
547,1665,Singapore
548,1669,United Kingdom
549,1670,United States
550,1672,India
551,1676,India
552,1683,United Kingdom
553,1688,United Kingdom
554,1689,India
555,1691,United States
556,1693,United States
557,1694,United States
558,1698,United Kingdom
559,1699,United States
560,1701,United States
561,1702,United Kingdom
562,1703,Nigeria
563,1705,Mexico
564,1715,United Kingdom
565,1718,United States
566,1720,India
567,1723,Australia
568,1724,United States
569,1725,United States
570,1727,United States
571,1733,United States
572,1735,United States
573,1737,United States
574,1744,United States
575,1752,Barbados
576,1756,The Netherlands
577,1759,United States
578,1760,United States
579,1761,United States
580,1762,United Kingdom
581,1763,Ireland
582,1766,United Kingdom
583,1768,United States
584,1769,United States
585,1772,United States
586,1774,United States
587,1775,United States
588,1776,United States
589,1780,United States
590,1789,Canada
591,1790,United Kingdom
592,1791,Nigeria
593,1792,United States
594,1796,Sweden
595,1798,United States
596,1799,Australia
597,1802,Denmark
598,1803,United States
599,1804,United Kingdom
600,1807,United Kingdom
601,1808,United States
602,1809,United States
603,1810,United States
604,1811,United States
605,1812,United States
606,1814,Italy
607,1815,United States
608,1817,United States
609,1818,United States
610,1821,United States
611,1822,United States
612,1823,Germany
613,1826,United States
614,1831,United States
615,1833,United States
616,1834,United States
617,1835,United States
618,1838,Canada
619,1840,United States
620,1842,Canada
621,1847,United States
622,1851,United States
623,1860,Philippines
624,1863,United States
625,1870,United States
626,1873,United States
627,1878,India
628,1880,United Kingdom
629,1882,United States
630,1885,United States
631,1892,Venezuela
632,1895,United States
633,1897,Canada
634,1900,United States
635,1901,Italy
636,1908,Norway
637,1909,United States
638,1910,United States
639,1914,Australia
640,1916,United States
641,1919,United States
642,1921,United States
643,1922,Australia
644,1924,United States
645,1925,India
646,1933,Kenya
647,1935,Germany
648,1941,United States
649,1943,United States
650,1945,United States
651,1948,United States
652,1950,United States
653,1952,United States
654,1953,United States
655,1954,Canada
656,1957,United States
657,1959,South Africa
658,1960,United States
659,1961,Denmark
660,1967,United States
661,1968,Barbados
662,1969,United States
663,1971,United Kingdom
664,1975,United States
665,1979,Jamaika
666,1980,Trinidad and Tobago
667,1985,Australia
668,1986,United States
669,1989,Australia
670,1991,United States
671,1996,United Kingdom
672,2000,Australia
673,2003,Malaysia
674,2007,United Kingdom
675,2009,United States
676,2014,Philippines
677,2016,United States
678,2019,United States
679,2020,France
680,2024,United Kingdom
681,2026,United States
682,2027,United States
683,2031,United States
684,2034,United States
685,2036,United States
686,2038,Australia
687,2043,United States
688,2045,United Kingdom
689,2046,United States
690,2047,Romania
691,2049,United States
692,2050,Canada
693,2051,United States
694,2056,United States
695,2059,Kenya
696,2060,Canada
697,2061,United States
698,2064,United Kingdom
699,2069,United States
700,2070,Canada
701,2073,Kenya
702,2074,Canada
703,2075,United States
704,2077,United States
705,2078,Francia
706,2081,United States
707,2082,United Kingdom
708,2089,United States
709,2094,United States
710,2100,United States
711,2102,United States
712,2103,United States
713,2110,New Zealand
714,2111,United States
715,2115,United States
716,2119,United States
717,2122,United States
718,2123,United States
719,2125,United States
720,2128,New Zealand
721,2133,United States
722,2138,Sweden
723,2142,United Kingdom
724,2148,United States
725,2149,Portugal
726,2160,Canada
727,2161,United States
728,2173,Ecuador
729,2176,United States
730,2177,United States
731,2179,United States
732,2181,United States
733,2183,Norway
734,2186,United States
735,2189,United States
736,2194,United States
737,2195,Ireland
738,2205,United Kingdom
739,2207,Norway
740,2210,United States
741,2211,United States
742,2213,Ukraine
743,2214,United Kingdom
744,2215,Germany
745,2217,United Kingdom
746,2220,United States
747,2221,United States
748,2222,United States
749,2225,United States
750,2229,United States
751,2230,United States
752,2231,United States
753,2233,United States
754,2235,United Kingdom
755,2236,Colombia
756,2237,United States
757,2238,United States
758,2239,United States
759,2240,United States
760,2241,Russia
761,2245,United States
762,2250,United States
763,2251,Australia
764,2254,France
765,2256,United States
766,2258,United Kingdom
767,2262,Norway
768,2263,United States
769,2271,Nigeria
770,2278,Canada
771,2279,Nigeria
772,2281,United Kingdom
773,2288,United States
774,2289,Australia
775,2292,Nigeria
776,2294,United States
777,2300,United States
778,2301,Spain
779,2303,Netherlands
780,2306,Canada
781,2307,United Kingdom
782,2308,Australia
783,2309,India
784,2311,United States
785,2314,United States
786,2317,United States
787,2318,United States
788,2319,United States
789,2321,Spain
790,2324,United States
791,2325,United Kingdom
792,2329,United States
793,2333,United States
794,2334,India
795,2336,South Africa
796,2337,Nigeria
797,2342,United Kingdom
798,2346,India
799,2347,United Kingdom
800,2348,United States
801,2351,United Kingdom
802,2352,United States
803,2356,United States
804,2359,United States
805,2362,United States
806,2363,United Kingdom
807,2364,United States
808,2368,France
809,2372,Japan
810,2376,Canada
811,2377,Jamaika
812,2379,United States
813,2385,United States
814,2388,Egypt
815,2390,Canada
816,2391,United States
817,2399,Australia
818,2409,United States
819,2412,United States
820,2413,India
821,2415,United States
822,2419,United States
823,2420,Brazil
824,2422,United States
825,2427,United States
826,2429,Brazil
827,2430,United States
828,2432,United States
829,2435,United States
830,2437,United States
831,2438,Canada
832,2440,United States
833,2441,United States
834,2442,United States
835,2443,United States
836,2445,United States
837,2452,Malaysia
838,2453,United States
839,2454,United States
840,2456,United States
841,2458,Canada
842,2459,Canada
843,2460,Indonesia
844,2464,United States
845,2465,United States
846,2467,United States
847,2468,United States
848,2471,United States
849,2475,United States
850,2476,United States
851,2483,Pakistan
852,2485,United States
853,2487,United States
854,2489,South Africa
855,2490,United States
856,2491,United States
857,2493,United States
858,2497,India
859,2498,United Kingdom
860,2500,Kenya
861,2502,United States
862,2504,United States
863,2506,United States
864,2510,United States
865,2512,Canada
866,2513,United States
867,2514,United States
868,2515,United States
869,2516,United States
870,2517,United States
871,2519,United States
872,2520,Canada
873,2521,India
874,2523,United States
875,2524,Canada
876,2527,United States
877,2528,Canada
878,2530,United States
879,2531,United States
880,2532,United States
881,2534,United States
882,2535,United States
883,2536,Saint Lucia
884,2537,Canada
885,2539,United States
886,2540,United States
887,2541,Canada
888,2542,United States
889,2543,Canada
890,2544,United States
891,2545,Canada
892,2546,United States
893,2547,United States
894,2548,United States
895,2550,United States
896,2556,United States
897,2561,France
898,2564,United Kingdom
899,2568,United States
900,2569,United States
901,2571,Australia
902,2573,United Kingdom
903,2579,Australia
904,2582,United States
905,2585,Philippines
906,2588,United States
907,2593,United States
908,2602,Canada
909,2604,Pakistan
910,2608,United Kingdom
911,2614,United States
912,2616,Kazakhstan
913,2617,United Kingdom
914,2621,United Kingdom
915,2622,United Kingdom
916,2625,United States
917,2627,Pakistan
918,2628,United States
919,2632,United Kingdom
920,2633,Pakistan
921,2635,United States
922,2637,Pakistan
923,2642,United States
924,2643,United Kingdom
925,2648,Czech Republic
926,2651,Argentina
927,2655,United States
928,2656,United States
929,2660,United States
930,2661,United States
931,2668,United States
932,2676,United States
933,2680,United States
934,2687,United States
935,2689,United States
936,2696,United States
937,2698,Canada
938,2707,Canada
939,2714,United States
940,2715,Belgium
941,2720,United Kingdom
942,2723,Philippines
943,2726,France
944,2728,United States
945,2729,Canada
946,2730,Ecuador
947,2732,United States
948,2733,United States
949,2734,Brazil
950,2736,United States
951,2739,United States
952,2744,Trinidad and Tobago
953,2749,Canada
954,2752,United States
955,2758,United States
956,2759,United States
957,2760,United States
958,2765,United States
959,2766,United States
960,2767,Australia
961,2774,United States
962,2778,Canada
963,2782,Uganda
964,2783,Uganda
965,2785,Denmark
966,2786,United States
967,2787,Australia
968,2788,United States
969,2792,Australia
970,2794,United States
971,2795,Denmark
972,2797,United Kingdom
973,2799,United States
974,2802,Canada
975,2803,United Kingdom
976,2807,United States
977,2808,United States
978,2811,Australia
979,2813,Philippines
980,2821,Philippines
981,2822,United States
982,2825,India
983,2827,Philippines
984,2828,Switzerland
985,2829,United States
986,2830,United States
987,2831,United Kingdom
988,2833,Italy
989,2843,Australia
990,2844,Lithuania
991,2846,Switzerland
992,2856,United States
993,2857,United States
994,2858,United States
995,2863,United States
996,2865,United States
997,2867,United States
998,2869,United States
999,2872,Indonesia
1000,2877,United States
1001,2878,United States
1002,2880,United States
1003,2882,Spain
1004,2883,Canada
1005,2884,United Kingdom
1006,2885,United States
1007,2889,United States
1008,2891,United States
1009,2896,Australia
1010,2900,India
1011,2902,United States
1012,2908,United Kingdom
1013,2911,United States
1014,2913,United Kingdom
1015,2915,Ireland
1016,2916,United States
1017,2920,United States
1018,2921,United States
1019,2924,United States
1020,2929,United States
1021,2931,United States
1022,2934,United Kingdom
1023,2935,United States
1024,2936,United States
1025,2943,United States
1026,2944,United Kingdom
1027,2945,Israel
1028,2947,United States
1029,2948,United States
1030,2950,United Kingdom
1031,2954,Afghanistan
1032,2955,Sweden
1033,2959,United Kingdom
1034,2960,United States
1035,2965,United States
1036,2970,United Kingdom
1037,2975,United Kingdom
1038,2976,Ireland
1039,2983,Russia
1040,2987,United Kingdom
1041,2990,United States
1042,2991,United States
1043,3000,United States
1044,3001,United Kingdom
1045,3005,United States
1046,3009,Spain
1047,3010,United States
1048,3011,United States
1049,3012,Argentina
1050,3013,United Kingdom
1051,3016,United Kingdom
1052,3021,United Kingdom
1053,3022,United States
1054,3023,United States
1055,3026,United States
1056,3036,United States
1057,3038,Cyprus
1058,3039,United States
1059,3042,United States
1060,3043,United States
1061,3045,United Kingdom
1062,3047,United States
1063,3051,United States
1064,3052,Spain
1065,3055,United States
1066,3057,Italy
1067,3060,United States
1068,3066,United Kingdom
1069,3068,United States
1070,3072,Nigeria
1071,3077,United States
1072,3080,United Kingdom
1073,3082,Canada
1074,3086,United Kingdom
1075,3090,United States
1076,3092,Jordan
1077,3093,United Kingdom
1078,3095,United States
1079,3099,United States
1080,3100,Poland
1081,3104,United Kingdom
1082,3111,Nigeria
1083,3114,Switzerland
1084,3117,United States
1085,3119,Brazil
1086,3123,United States
1087,3124,Canada
1088,3125,United States
1089,3132,United Arab Emirates
1090,3133,India
1091,3134,China
1092,3136,Germany
1093,3137,Nigeria
1094,3138,Iraq
1095,3140,United States
1096,3141,United Kingdom
1097,3142,China
1098,3145,China
1099,3150,United Kingdom
1100,3152,Malaysia
1101,3153,United Kingdom
1102,3155,United States
1103,3159,United Kingdom
1104,3161,United States
1105,3165,Australia
1106,3166,Australia
1107,3170,Canada
1108,3171,United Kingdom
1109,3173,United Kingdom
1110,3174,Czech Republic
1111,3180,United Kingdom
1112,3182,United States
1113,3190,United States
1114,3195,United States
1115,3196,United States
1116,3197,United States
1117,3199,United Kingdom
1118,3201,Italy
1119,3205,United States
1120,3210,United Kingdom
1121,3212,Pakistan
1122,3217,India
1123,3221,United Kingdom
1124,3225,United States
1125,3227,United Kingdom
1126,3229,New Zealand
1127,3236,Libya
1128,3242,United Kingdom
1129,3245,United States
1130,3248,Pakistan
1131,3249,Argentina
1132,3253,United States
1133,3255,Nigeria
1134,3259,United Kingdom
1135,3270,Nigeria
1136,3274,United Kingdom
1137,3275,South Africa
1138,3277,United States
1139,3281,United States
1140,3282,Nigeria
1141,3283,France
1142,3284,United Kingdom
1143,3286,United Kingdom
1144,3287,United Kingdom
1145,3288,Canada
1146,3289,Nigeria
1147,3295,India
1148,3296,United Kingdom
1149,3297,United States
1150,3300,Sweden
1151,3302,India
1152,3303,United Kingdom
1153,3304,United States
1154,3308,United States
1155,3309,Italy
1156,3311,Canada
1157,3312,United Kingdom
1158,3317,United States
1159,3323,Canada
1160,3329,United Kingdom
1161,3334,United States
1162,3336,Ireland
1163,3337,United States
1164,3340,United Kingdom
1165,3341,United States
1166,3342,Spain
1167,3345,Ireland
1168,3351,United States
1169,3355,United States
1170,3357,Portugal
1171,3359,Italy
1172,3364,United States
1173,3367,United States
1174,3376,Canada
1175,3381,United States
1176,3388,United States
1177,3390,Italy
1178,3391,Nigeria
1179,3394,United States
1180,3395,United States
1181,3396,United States
1182,3397,United States
1183,3400,United States
1184,3404,United States
1185,3405,United States
1186,3410,United States
1187,3413,Russia
1188,3415,Kenya
1189,3423,United States
1190,3428,United Kingdom
1191,3429,United States
1192,3432,Kenya
1193,3435,United Kingdom
1194,3437,Kenya
1195,3440,India
1196,3447,United Kingdom
1197,3448,United States
1198,3450,United States
1199,3451,United States
1200,3452,United Kingdom
1201,3459,United States
1202,3462,United States
1203,3464,Nigeria
1204,3465,United Kingdom
1205,3466,United Kingdom
1206,3468,United States
1207,3469,United States
1208,3470,United States
1209,3471,United States
1210,3474,United States
1211,3475,United States
1212,3476,United States
1213,3477,United States
1214,3478,China
1215,3483,United States
1216,3485,Spain
1217,3492,South Africa
1218,3493,United Kingdom
1219,3494,United States
1220,3495,United States
1221,3499,Canada
1222,3500,United States
1223,3503,India
1224,3504,United States
1225,3505,India
1226,3509,India
1227,3510,India
1228,3513,United States
1229,3514,United States
1230,3522,India
1231,3523,United States
1232,3525,United Kingdom
1233,3526,India
1234,3527,India
1235,3528,United States
1236,3530,India
1237,3531,India
1238,3532,India
1239,3533,India
1240,3534,India
1241,3536,India
1242,3537,United States
1243,3542,United States
1244,3543,United States
1245,3548,United States
1246,3549,United States
1247,3550,India
1248,3555,United Kingdom
1249,3557,United States
1250,3566,United States
1251,3568,United States
1252,3570,Finland
1253,3575,United States
1254,3581,United States
1255,3582,United Kingdom
1256,3583,United States
1257,3584,United States
1258,3587,United States
1259,3589,United Kingdom
1260,3591,United States
1261,3595,United States
1262,3596,United Kingdom
1263,3598,Sweden
1264,3602,United Kingdom
1265,3603,United States
1266,3604,United States
1267,3607,United Kingdom
1268,3609,Kenya
1269,3610,Nigeria
1270,3617,United States
1271,3619,United States
1272,3626,Canada
1273,3627,Singapore
1274,3628,United States
1275,3629,Indonesia
1276,3632,Philippines
1277,3634,Philippines
1278,3636,United States
1279,3639,Singapore
1280,3640,Argentina
1281,3642,United States
1282,3643,Turkey
1283,3645,Romania
1284,3646,Chile
1285,3648,United States
1286,3650,United States
1287,3652,United States
1288,3653,South Africa
1289,3655,Japan
1290,3656,Honduras
1291,3657,United States
1292,3658,United States
1293,3660,United States
1294,3662,United States
1295,3663,United States
1296,3666,United Kingdom
1297,3674,United States
1298,3679,United States
1299,3683,United States
1300,3689,United Kingdom
1301,3690,Norway
1302,3692,Thailand
1303,3695,South Africa
1304,3697,Nigeria
1305,3704,United States
1306,3713,Italy
1307,3718,United States
1308,3719,United States
1309,3722,United States
1310,3724,Canada
1311,3727,United States
1312,3729,United States
1313,3735,United States
1314,3738,United States
1315,3739,United States
1316,3742,United States
1317,3743,United States
1318,3744,India
1319,3747,United States
1320,3748,Greece
1321,3750,Canada
1322,3753,Argentina
1323,3754,United States
1324,3756,United States
1325,3760,Poland
1326,3761,Russia
1327,3763,United States
1328,3768,Turkey
1329,3770,United Kingdom
1330,3771,Maldives
1331,3776,United Kingdom
1332,3780,United States
1333,3786,Francia
1334,3787,India
1335,3788,United Kingdom
1336,3797,United States
1337,3802,United States
1338,3803,France
1339,3805,United States
1340,3810,Germany
1341,3812,United States
1342,3815,Brazil
1343,3816,Canada
1344,3819,United States
1345,3822,Brazil
1346,3830,United States
1347,3838,United Kingdom
1348,3839,United States
1349,3840,United States
1350,3842,United States
1351,3845,Australia
1352,3858,India
1353,3873,United States
1354,3876,Thailand
1355,3879,United States
1356,3889,United States
1357,3893,Australia
1358,3894,United States
1359,3895,Switzerland
1360,3899,United Kingdom
1361,3901,United Kingdom
1362,3905,Dominican Republic
1363,3911,United Kingdom
1364,3914,United Kingdom
1365,3919,Indonesia
1366,3921,Canada
1367,3922,United Kingdom
1368,3924,United Kingdom
1369,3927,United Kingdom
1370,3935,United Kingdom
1371,3936,United States
1372,3940,United States
1373,3947,Ghana
1374,3948,United States
1375,3950,Canada
1376,3952,United States
1377,3953,United Kingdom
1378,3954,United States
1379,3955,Canada
1380,3957,United Kingdom
1381,3960,United States
1382,3967,United States
1383,3968,United States
1384,3969,United States
1385,3970,Canada
1386,3973,Canada
1387,3975,United Kingdom
1388,3977,Brazil
1389,3979,Italy
1390,3980,United States
1391,3989,United States
1392,3990,United States
1393,3994,United States
1394,3995,United States
1395,3997,United States
1396,4000,United States
1397,4003,Ecuador
1398,4011,Philippines
1399,4017,Nigeria
1400,4019,United States
1401,4020,United States
1402,4022,United States
1403,4025,United States
1404,4027,Peru
1405,4030,United States
1406,4034,United Kingdom
1407,4038,United States
1408,4039,United States
1409,4041,Canada
1410,4043,United States
1411,4044,United States
1412,4046,United States
1413,4047,Morocco
1414,4051,United States
1415,4054,United States
1416,4055,United States
1417,4058,Nigeria
1418,4060,United States
1419,4061,United States
1420,4063,Canada
1421,4065,France
1422,4078,United States
1423,4079,Canada
1424,4080,Nigeria
1425,4081,Germany
1426,4084,Philippines
1427,4085,United States
1428,4087,United States
1429,4091,Spain
1430,4092,Nigeria
1431,4093,United States
1432,4094,Canada
1433,4095,Israel
1434,4097,United Kingdom
1435,4103,United States
1436,4104,United States
1437,4107,Nigeria
1438,4108,Canada
1439,4111,Canada
1440,4114,Canada
1441,4116,Canada
1442,4117,Canada
1443,4121,United States
1444,4122,United States
1445,4124,United States
1446,4127,Australia
1447,4132,United States
1448,4135,United States
1449,4138,United States
1450,4139,United States
1451,4141,United States
1452,4142,United States
1453,4143,Nigeria
1454,4146,United States
1455,4152,United States
1456,4156,United States
1457,4160,United States
1458,4168,United States
1459,4172,Portugal
1460,4173,United States
1461,4177,United States
1462,4180,United States
1463,4184,United States
1464,4189,Malaysia
1465,4204,United States
1466,4205,United States
1467,4206,United Kingdom
1468,4212,Germany
1469,4213,United States
1470,4214,United States
1471,4216,United States
1472,4218,United Arab Emirates
1473,4219,United States
1474,4224,United States
1475,4233,United States
1476,4235,Australia
1477,4238,Canada
1478,4239,United States
1479,4240,United States
1480,4243,India
1481,4245,United States
1482,4246,Canada
1483,4250,United States
1484,4252,United States
1485,4255,United States
1486,4256,United Kingdom
1487,4257,United States
1488,4262,United States
1489,4264,United States
1490,4265,United States
1491,4268,United States
1492,4269,United States
1493,4271,United States
1494,4272,Argentina
1495,4273,United States
1496,4276,United States
1497,4279,United States
1498,4281,United States
1499,4282,United States
1500,4292,United States
1501,4296,United States
1502,4297,United States
1503,4298,United States
1504,4299,Lebanon
1505,4301,United States
1506,4303,Peru
1507,4304,United States
1508,4305,United Kingdom
1509,4320,United States
1510,4326,United Kingdom
1511,4328,United States
1512,4329,Italy
1513,4332,United States
1514,4334,United States
1515,4335,United States
1516,4336,United Kingdom
1517,4341,United States
1518,4342,United States
1519,4348,Argentina
1520,4349,United States
1521,4351,Australia
1522,4354,United States
1523,4355,United States
1524,4356,France
1525,4357,Argentina
1526,4358,United States
1527,4359,United States
1528,4361,United States
1529,4365,United States
1530,4366,New Zealand
1531,4368,Australia
1532,4372,Spain
1533,4373,United States
1534,4374,New Zealand
1535,4376,United States
1536,4377,Argentina
1537,4382,Germany
1538,4385,Argentina
1539,4387,Italy
1540,4393,United Kingdom
1541,4395,United States
1542,4397,United States
1543,4407,United Kingdom
1544,4408,United States
1545,4410,United States
1546,4421,United States
1547,4426,United States
1548,4435,United States
1549,4436,United Kingdom
1550,4437,Hungary
1551,4438,United States
1552,4440,Canada
1553,4441,United States
1554,4442,Egypt
1555,4444,South Africa
1556,4449,Pakistan
1557,4456,United States
1558,4457,United Kingdom
1559,4458,Denmark
1560,4463,United States
1561,4466,United States
1562,4470,United Kingdom
1563,4471,United Kingdom
1564,4472,United Kingdom
1565,4479,United States
1566,4480,United Kingdom
1567,4482,United States
1568,4488,Pakistan
1569,4490,India
1570,4491,United States
1571,4498,United States
1572,4499,United States
1573,4504,United States
1574,4507,United States
1575,4508,United States
1576,4509,United States
1577,4511,United States
1578,4514,Denmark
1579,4515,Philippines
1580,4517,Kuwait
1581,4518,United States
1582,4521,United States
1583,4522,United States
1584,4526,Australia
1585,4527,United States
1586,4530,Ireland
1587,4534,Australia
1588,4537,United States
1589,4541,United Kingdom
1590,4546,Malaysia
1591,4548,United States
1592,4550,United States
1593,4551,Ireland
1594,4553,Canada
1595,4557,United States
1596,4561,United States
1597,4562,Canada
1598,4563,Canada
1599,4564,India
1600,4565,United States
1601,4567,United Kingdom
1602,4568,Canada
1603,4571,Canada
1604,4573,United States
1605,4575,United States
1606,4576,United States
1607,4577,United States
1608,4578,United States
1609,4579,Canada
1610,4580,Australia
1611,4584,United States
1612,4585,United States
1613,4587,Canada
1614,4588,Canada
1615,4590,United States
1616,4595,Canada
1617,4596,United States
1618,4597,United States
1619,4599,United Kingdom
1620,4601,Canada
1621,4602,United States
1622,4604,United States
1623,4606,United Kingdom
1624,4609,United States
1625,4610,Canada
1626,4611,New Zealand
1627,4616,United States
1628,4617,United States
1629,4619,United States
1630,4620,Canada
1631,4622,United Kingdom
1632,4624,United States
1633,4625,United States
1634,4628,United States
1635,4630,United States
1636,4631,United States
1637,4632,Australia
1638,4634,United States
1639,4635,United States
1640,4637,United States
1641,4641,Australia
1642,4642,United Kingdom
1643,4644,United States
1644,4646,United States
1645,4649,United States
1646,4657,Canada
1647,4659,Kuwait
1648,4664,United Kingdom
1649,4667,United Kingdom
1650,4669,Bahrain
1651,4670,United Kingdom
1652,4674,United Kingdom
1653,4677,United States
1654,4679,United States
1655,4682,United States
1656,4687,United Kingdom
1657,4689,United States
1658,4690,United States
1659,4695,United Kingdom
1660,4696,United Kingdom
1661,4698,United Kingdom
1662,4700,United States
1663,4702,United States
1664,4703,United States
1665,4704,Nigeria
1666,4705,United States
1667,4706,Africa
1668,4707,United States
1669,4713,United States
1670,4715,United States
1671,4722,South Africa
1672,4723,Australia
1673,4724,United States
1674,4732,United States
1675,4734,United States
1676,4736,United States
1677,4738,United States
1678,4740,Australia
1679,4745,United Kingdom
1680,4747,United States
1681,4753,Japan
1682,4754,Canada
1683,4757,France
1684,4759,United Kingdom
1685,4765,United States
1686,4766,Australia
1687,4768,United States
1688,4769,United States
1689,4770,United States
1690,4773,United Kingdom
1691,4774,United States
1692,4775,United Kingdom
1693,4777,United States
1694,4778,United Kingdom
1695,4779,Philippines
1696,4782,United Kingdom
1697,4783,United States
1698,4785,Australia
1699,4787,United Kingdom
1700,4788,United States
1701,4789,United States
1702,4790,United Kingdom
1703,4795,United States
1704,4797,South Korea
1705,4799,United States
1706,4800,United States
1707,4803,United States
1708,4807,Kenya
1709,4810,Australia
1710,4813,United States
1711,4819,United States
1712,4820,United States
1713,4821,Nigeria
1714,4826,Australia
1715,4828,United States
1716,4829,United States
1717,4831,United States
1718,4833,United States
1719,4834,Nigeria
1720,4836,United Kingdom
1721,4842,Canada
1722,4843,United States
1723,4844,United Kingdom
1724,4845,Australia
1725,4846,United States
1726,4848,Canada
1727,4850,United States
1728,4852,United States
1729,4853,United States
1730,4858,Australia
1731,4859,United States
1732,4860,Canada
1733,4869,United States
1734,4874,United States
1735,4877,Australia
1736,4878,United States
1737,4879,United States
1738,4882,United States
1739,4883,United States
1740,4884,United States
1741,4889,United States
1742,4890,Canada
1743,4893,United States
1744,4897,United States
1745,4900,United States
1746,4908,Canada
1747,4909,United States
1748,4912,Ireland
1749,4914,United Kingdom
1750,4919,United States
1751,4920,United States
1752,4922,United States
1753,4924,Australia
1754,4926,United Kingdom
1755,4934,United States
1756,4940,Canada
1757,4943,United States
1758,4944,Jamaika
1759,4953,United States
1760,4954,Germany
1761,4961,United States
1762,4962,United Kingdom
1763,4968,United Kingdom
1764,4969,Germany
1765,4971,United States
1766,4979,Canada
1767,4983,United States
1768,4984,United States
1769,4988,United Kingdom
1770,4992,United States
1771,4993,United States
1772,4997,United States
1773,4998,United States
1774,5002,United States
1775,5004,United States
1776,5010,United States
1777,5015,South Africa
1778,5017,United States
1779,5018,India
1780,5019,Canada
1781,5024,United States
1782,5027,United States
1783,5028,United States
1784,5035,India
1785,5037,Philippines
1786,5038,United States
1787,5039,United States
1788,5040,United States
1789,5041,United States
1790,5046,United Kingdom
1791,5049,United States
1792,5052,South Africa
1793,5056,United States
1794,5059,United States
1795,5060,South Africa
1796,5063,United States
1797,5064,Ukraine
1798,5073,United States
1799,5078,India
1800,5079,United States
1801,5083,United States
1802,5087,Ukraine
1803,5094,United States
1804,5095,Ireland
1805,5096,United States
1806,5098,United States
1807,5099,United States
1808,5102,Ukraine
1809,5106,India
1810,5107,United States
1811,5114,Canada
1812,5117,United States
1813,5119,Thailand
1814,5122,United States
1815,5124,United States
1816,5125,Canada
1817,5126,United States
1818,5127,India
1819,5128,United States
1820,5130,India
1821,5131,Australia
1822,5134,United States
1823,5135,United States
1824,5136,United States
1825,5138,United States
1826,5141,India
1827,5145,India
1828,5148,Germany
1829,5153,India
1830,5164,United States
1831,5165,United States
1832,5168,United States
1833,5169,South Africa
1834,5172,United States
1835,5181,United States
1836,5182,Jamaika
1837,5183,Francia
1838,5187,United States
1839,5189,France
1840,5190,Canada
1841,5191,Italy
1842,5193,Oman
1843,5194,United States
1844,5195,United States
1845,5198,Canada
1846,5200,United States
1847,5202,United States
1848,5206,United States
1849,5209,United States
1850,5210,Ireland
1851,5211,United States
1852,5218,United States
1853,5221,Kenya
1854,5222,United States
1855,5224,Argentina
1856,5227,United States
1857,5228,United States
1858,5229,United States
1859,5233,United States
1860,5236,United States
1861,5238,United States
1862,5244,Peru
1863,5245,United States
1864,5247,United States
1865,5249,United States
1866,5251,United States
1867,5252,United States
1868,5254,United Kingdom
1869,5255,United States
1870,5256,United States
1871,5259,Honduras
1872,5262,United Kingdom
1873,5270,United States
1874,5272,Mexico
1875,5273,South Africa
1876,5274,United States
1877,5276,United States
1878,5281,United States
1879,5282,United States
1880,5283,United States
1881,5285,United States
1882,5287,Brazil
1883,5290,France
1884,5293,Canada
1885,5296,Saudi Arabia
1886,5297,United States
1887,5300,United States
1888,5301,United States
1889,5302,United States
1890,5304,Indonesia
1891,5305,Canada
1892,5306,United States
1893,5308,United States
1894,5309,United States
1895,5310,United States
1896,5321,United States
1897,5328,United States
1898,5330,Canada
1899,5332,United States
1900,5341,United States
1901,5346,United States
1902,5349,Canada
1903,5350,United States
1904,5351,Canada
1905,5352,France
1906,5353,Australia
1907,5354,United States
1908,5356,United States
1909,5362,Canada
1910,5365,United States
1911,5366,United States
1912,5371,France
1913,5372,India
1914,5373,United States
1915,5375,United Kingdom
1916,5381,United States
1917,5382,United States
1918,5386,United States
1919,5387,United States
1920,5392,United States
1921,5397,United States
1922,5410,Brazil
1923,5412,United States
1924,5413,United States
1925,5420,Canada
1926,5423,Canada
1927,5428,United States
1928,5430,United States
1929,5437,United States
1930,5439,United Kingdom
1931,5442,United States
1932,5444,United States
1933,5445,United States
1934,5446,United States
1935,5449,United States
1936,5452,United States
1937,5454,United Kingdom
1938,5458,United States
1939,5459,United States
1940,5460,United States
1941,5461,Indonesia
1942,5462,United States
1943,5465,United States
1944,5466,United States
1945,5468,United States
1946,5469,United States
1947,5475,Canada
1948,5479,United States
1949,5480,United States
1950,5481,United States
1951,5486,United States
1952,5487,Brazil
1953,5488,United States
1954,5491,Dominican Republic
1955,5492,United States
1956,5497,Australia
1957,5501,India
1958,5503,Dominican Republic
1959,5505,Philippines
1960,5506,United States
1961,5507,United States
1962,5509,United States
1963,5515,United States
1964,5517,United Kingdom
1965,5518,United States
1966,5519,United Kingdom
1967,5520,United Kingdom
1968,5521,France
1969,5522,Australia
1970,5524,United Kingdom
1971,5525,United Kingdom
1972,5526,United States
1973,5529,Barbados
1974,5532,United Kingdom
1975,5534,United States
1976,5538,United Kingdom
1977,5541,United States
1978,5544,United States
1979,5547,United States
1980,5548,United Kingdom
1981,5552,Canada
1982,5553,India
1983,5554,United Kingdom
1984,5555,United States
1985,5556,United States
1986,5558,United States
1987,5560,United States
1988,5561,United States
1989,5563,United States
1990,5564,United States
1991,5565,United States
1992,5567,Australia
1993,5569,Canada
1994,5576,United States
1995,5577,United States
1996,5578,United States
1997,5579,United States
1998,5580,United States
1999,5581,Canada
2000,5582,United States
2001,5586,United States
2002,5587,United States
2003,5588,United States
2004,5592,United States
2005,5593,United States
2006,5594,United States
2007,5595,United States
2008,5598,United States
2009,5599,United States
2010,5600,United States
2011,5603,United States
2012,5604,United States
2013,5605,United Kingdom
2014,5608,United States
2015,5609,United States
2016,5611,United States
2017,5612,Vietnam
2018,5613,United States
2019,5617,United States
2020,5618,United States
2021,5619,Canada
2022,5621,Philippines
2023,5624,United States
2024,5626,United Kingdom
2025,5628,Vietnam
2026,5632,United States
2027,5634,United States
2028,5635,United States
2029,5638,United States
2030,5641,United States
2031,5644,Australia
2032,5645,United Kingdom
2033,5653,United States
2034,5655,France
2035,5657,United States
2036,5659,India
2037,5664,Australia
2038,5668,United States
2039,5670,Australia
2040,5671,Canada
2041,5672,United States
2042,5673,United Kingdom
2043,5675,United States
2044,5680,United States
2045,5683,United States
2046,5684,United States
2047,5685,New Zealand
2048,5686,Cameroon
2049,5687,United Kingdom
2050,5688,Nigeria
2051,5689,Philippines
2052,5693,United States
2053,5698,United States
2054,5706,United States
2055,5707,Brazil
2056,5712,United States
2057,5713,United States
2058,5715,United States
2059,5716,United States
2060,5717,United States
2061,5721,Romania
2062,5722,United States
2063,5726,United States
2064,5733,United States
2065,5734,United States
2066,5741,Canada
2067,5743,United States
2068,5746,United States
2069,5754,United States
2070,5757,United States
2071,5759,France
2072,5763,United States
2073,5766,United States
2074,5771,United States
2075,5777,United States
2076,5778,Canada
2077,5780,United States
2078,5784,United States
2079,5789,United States
2080,5793,United States
2081,5794,United States
2082,5795,United States
2083,5797,United States
2084,5799,United Kingdom
2085,5803,United States
2086,5804,United States
2087,5805,Canada
2088,5808,Brazil
2089,5814,United States
2090,5815,United States
2091,5816,United States
2092,5819,Canada
2093,5821,Canada
2094,5824,United States
2095,5826,United States
2096,5827,United States
2097,5828,United States
2098,5833,United States
2099,5834,United States
2100,5835,Canada
2101,5836,United States
2102,5837,Canada
2103,5840,United States
2104,5841,Canada
2105,5843,France
2106,5845,Canada
2107,5848,Canada
2108,5849,Japan
2109,5850,United States
2110,5853,France
2111,5854,United States
2112,5855,United Kingdom
2113,5856,Canada
2114,5863,Canada
2115,5869,United States
2116,5870,United States
2117,5873,Australia
2118,5875,France
2119,5881,United Kingdom
2120,5883,Canada
2121,5884,Canada
2122,5886,United States
2123,5889,Australia
2124,5890,United States
2125,5894,Australia
2126,5898,United States
2127,5900,United States
2128,5903,United States
2129,5904,United States
2130,5908,United States
2131,5909,United Kingdom
2132,5911,United States
2133,5913,United States
2134,5918,Argentina
2135,5919,Philippines
2136,5921,United States
2137,5922,Japan
2138,5923,Kenya
2139,5925,Vietnam
2140,5928,United States
2141,5933,United States
2142,5937,Australia
2143,5939,Canada
2144,5942,United Kingdom
2145,5943,United States
2146,5944,United Kingdom
2147,5955,United States
2148,5956,Japan
2149,5959,United States
2150,5961,United States
2151,5962,United States
2152,5964,Kenya
2153,5965,United States
2154,5972,United States
2155,5980,United Kingdom
2156,5982,United Kingdom
2157,5985,United States
2158,5988,United States
2159,5992,United States
2160,5998,Canada
2161,6002,United States
2162,6003,United States
2163,6004,Philippines
2164,6007,United States
2165,6009,Philippines
2166,6013,United States
2167,6019,United States
2168,6023,India
2169,6027,United States
2170,6030,Canada
2171,6031,India
2172,6033,United States
2173,6034,Canada
2174,6036,United States
2175,6038,United States
2176,6039,United States
2177,6047,Pakistan
2178,6048,Saudi Arabia
2179,6050,United Kingdom
2180,6051,The Netherlands
2181,6053,Czech Republic
2182,6055,Spain
2183,6057,United States
2184,6058,United States
2185,6059,United States
2186,6061,Malaysia
2187,6069,United States
2188,6072,United States
2189,6074,United States
2190,6075,United Kingdom
2191,6076,United States
2192,6083,United States
2193,6085,Germany
2194,6090,Saudi Arabia
2195,6091,United Kingdom
2196,6100,United States
2197,6104,United States
2198,6109,United States
2199,6115,United States
2200,6120,United States
2201,6127,United States
2202,6128,United States
2203,6130,United States
2204,6133,United States
2205,6134,Saudi Arabia
2206,6135,United States
2207,6140,United States
2208,6141,United States
2209,6148,Nigeria
2210,6150,Nigeria
2211,6152,Nigeria
2212,6154,Nigeria
2213,6159,Nigeria
2214,6162,United States
2215,6164,Nigeria
2216,6167,United States
2217,6169,Nigeria
2218,6171,Nigeria
2219,6173,India
2220,6174,United States
2221,6178,United States
2222,6183,Nigeria
2223,6184,United States
2224,6187,United States
2225,6188,United States
2226,6191,United States
2227,6192,United States
2228,6193,United States
2229,6197,United States
2230,6199,United States
2231,6200,Canada
2232,6202,United States
2233,6207,United States
2234,6213,United States
2235,6216,South Africa
2236,6217,United States
2237,6219,United States
2238,6222,United States
2239,6232,United States
2240,6241,United States
2241,6243,Australia
2242,6244,Mongolia
2243,6245,Australia
2244,6246,China
2245,6253,Italy
2246,6254,Greece
2247,6256,Brazil
2248,6261,France
2249,6265,Japan
2250,6267,China
2251,6272,Brazil
2252,6276,Japan
2253,6277,Malaysia
2254,6278,Zimbabwe
2255,6293,Canada
2256,6296,United Kingdom
2257,6300,United States
2258,6301,United States
2259,6311,United States
2260,6314,Philippines
2261,6320,United States
2262,6322,United States
2263,6326,United States
2264,6328,Australia
2265,6330,United States
2266,6331,United States
2267,6334,United States
2268,6335,India
2269,6336,Japan
2270,6337,United States
2271,6339,United States
2272,6342,United States
2273,6343,United States
2274,6344,United States
2275,6348,United Kingdom
2276,6355,United States
2277,6358,United States
2278,6362,United States
2279,6363,India
2280,6365,Cuba
2281,6366,China
2282,6369,United States
2283,6371,Germany
2284,6373,United States
2285,6382,China
2286,6387,United States
2287,6391,United States
2288,6395,United States
2289,6396,Germany
2290,6397,United States
2291,6402,United States
2292,6412,Mexico
2293,6414,United States
2294,6415,Germany
2295,6416,United States
2296,6421,United Kingdom
2297,6422,United States
2298,6430,United States
2299,6436,India
2300,6438,United States
2301,6440,United States
2302,6441,United States
2303,6443,United States
2304,6445,United States
2305,6446,India
2306,6450,United States
2307,6454,Nigeria
2308,6455,India
2309,6458,United Kingdom
2310,6459,United States
2311,6462,United States
2312,6464,India
2313,6466,United States
2314,6469,Nigeria
2315,6470,United States
2316,6473,South Africa
2317,6480,India
2318,6481,United States
2319,6482,France
2320,6484,India
2321,6486,United States
2322,6490,United Kingdom
2323,6492,India
2324,6493,United Kingdom
2325,6494,United States
2326,6495,United States
2327,6499,Canada
2328,6501,Canada
2329,6504,United Kingdom
2330,6506,United States
2331,6510,United States
2332,6511,United Kingdom
2333,6512,United States
2334,6515,United States
2335,6516,United States
2336,6518,United States
2337,6519,United States
2338,6523,United States
2339,6525,Canada
2340,6528,Canada
2341,6532,United States
2342,6534,United States
2343,6536,China
2344,6541,China
2345,6542,United States
2346,6543,United States
2347,6545,Peru
2348,6547,United States
2349,6549,United States
2350,6551,Pakistan
2351,6552,United States
2352,6556,United States
2353,6559,Malaysia
2354,6560,United Arab Emirates
2355,6568,United States
2356,6569,Philippines
2357,6572,United States
2358,6573,United States
2359,6575,Kenya
2360,6576,United States
2361,6577,United States
2362,6580,Russia
2363,6583,United States
2364,6585,Ireland
2365,6588,South Africa
2366,6591,United States
2367,6593,United States
2368,6594,United Kingdom
2369,6596,Ireland
2370,6597,Germany
2371,6598,United States
2372,6601,United States
2373,6602,Canada
2374,6603,United States
2375,6605,Kenya
2376,6607,Australia
2377,6610,United States
2378,6611,United Kingdom
2379,6613,United Kingdom
2380,6616,United Kingdom
2381,6619,Canada
2382,6621,Singapore
2383,6622,United Kingdom
2384,6624,United States
2385,6626,United Kingdom
2386,6627,United Kingdom
2387,6628,Canada
2388,6629,United States
2389,6631,United States
2390,6632,United States
2391,6638,Greece
2392,6644,United States
2393,6646,United Kingdom
2394,6649,Australia
2395,6656,United States
2396,6658,United Kingdom
2397,6660,United States
2398,6661,United States
2399,6662,United States
2400,6663,United Kingdom
2401,6665,United States
2402,6667,United States
2403,6669,United Kingdom
2404,6670,United States
2405,6675,United Kingdom
2406,6676,United States
2407,6678,United Kingdom
2408,6683,United Kingdom
2409,6686,Egypt
2410,6687,United Kingdom
2411,6699,United States
2412,6700,United States
2413,6701,United States
2414,6706,Indonesia
2415,6707,Canada
2416,6716,Colombia
2417,6719,United States
2418,6722,Indonesia
2419,6724,United States
2420,6725,United States
2421,6726,United States
2422,6727,United States
2423,6729,United States
2424,6731,Indonesia
2425,6734,Venezuela
2426,6735,United States
2427,6736,Indonesia
2428,6737,United States
2429,6742,United States
2430,6748,Canada
2431,6751,United Kingdom
2432,6754,United States
2433,6756,Georgia
2434,6757,United States
2435,6759,United States
2436,6762,United States
2437,6767,United States
2438,6769,The Netherlands
2439,6772,United States
2440,6773,Canada
2441,6774,United States
2442,6779,United States
2443,6783,Poland
2444,6787,United States
2445,6790,United States
2446,6792,The Netherlands
2447,6794,United States
2448,6795,United States
2449,6796,United States
2450,6799,Kenya
2451,6800,Kenya
2452,6804,Kenya
2453,6807,Kenya
2454,6808,Kenya
2455,6809,Kenya
2456,6813,Kenya
2457,6814,United States
2458,6817,United Kingdom
2459,6819,Kenya
2460,6821,United Kingdom
2461,6823,Kenya
2462,6824,Kenya
2463,6830,Kenya
2464,6832,Kenya
2465,6833,United Kingdom
2466,6834,Kenya
2467,6835,Philippines
2468,6837,Kenya
2469,6843,United Kingdom
2470,6844,Kenya
2471,6847,Kenya
2472,6849,Australia
2473,6850,Antarctica
2474,6852,United States
2475,6854,United States
2476,6855,Australia
2477,6857,United States
2478,6860,United States
2479,6863,United Kingdom
2480,6867,Australia
2481,6874,Australia
2482,6876,Australia
2483,6879,Australia
2484,6880,France
2485,6881,Australia
2486,6882,United States
2487,6890,United States
2488,6892,United States
2489,6893,United Kingdom
2490,6896,United States
2491,6898,New Zealand
2492,6900,United States
2493,6905,United States
2494,6908,United States
2495,6909,United States
2496,6910,United States
2497,6911,United States
2498,6915,United States
2499,6918,United States
2500,6920,United States
2501,6925,United States
2502,6926,United Kingdom
2503,6928,United Kingdom
2504,6929,United States
2505,6930,United States
2506,6931,United States
2507,6936,United States
2508,6937,United States
2509,6939,United States
2510,6943,United Kingdom
2511,6948,United States
2512,6951,United States
2513,6953,United States
2514,6954,Canada
2515,6959,United States
2516,6960,Jamaika
2517,6965,United Kingdom
2518,6966,New Zealand
2519,6971,Canada
2520,6973,Ireland
2521,6974,Ecuador
2522,6975,United Kingdom
2523,6978,Australia
2524,6984,United States
2525,6990,United Kingdom
2526,6992,India
2527,6994,Norway
2528,6998,United States
2529,7001,United States
2530,7002,United States
2531,7005,United Kingdom
2532,7006,United States
2533,7012,United States
2534,7013,United States
2535,7015,United States
2536,7018,United States
2537,7023,Philippines
2538,7025,India
2539,7026,United States
2540,7036,United States
2541,7037,United Kingdom
2542,7039,United States
2543,7043,United States
2544,7044,United States
2545,7050,United States
2546,7053,United States
2547,7061,United Kingdom
2548,7068,United States
2549,7069,Indonesia
2550,7071,United States
2551,7075,Italy
2552,7081,United Kingdom
2553,7089,Canada
2554,7092,United States
2555,7093,United States
2556,7104,Canada
2557,7108,United States
2558,7112,United States
2559,7115,United Kingdom
2560,7116,United States
2561,7118,United States
2562,7126,United States
2563,7128,United States
2564,7129,United States
2565,7130,United States
2566,7131,United States
2567,7132,United States
2568,7140,United States
2569,7144,United States
2570,7146,United Kingdom
2571,7147,United Kingdom
2572,7149,United Kingdom
2573,7150,United Kingdom
2574,7154,United Kingdom
2575,7155,United Kingdom
2576,7157,United Kingdom
2577,7158,United Kingdom
2578,7159,United Kingdom
2579,7160,United Kingdom
2580,7164,United States
2581,7165,United Kingdom
2582,7166,United Kingdom
2583,7167,United Kingdom
2584,7168,United Kingdom
2585,7169,United Kingdom
2586,7173,United Kingdom
2587,7176,United Kingdom
2588,7178,United Kingdom
2589,7179,United States
2590,7183,United Kingdom
2591,7184,United States
2592,7187,Ireland
2593,7188,Australia
2594,7195,Germany
2595,7196,United States
2596,7198,United States
2597,7201,Canada
2598,7202,United States
2599,7203,United Kingdom
2600,7205,United States
2601,7208,United Kingdom
2602,7221,United States
2603,7234,United States
2604,7235,Guatemala
2605,7242,United States
2606,7244,United States
2607,7248,United States
2608,7252,Netherlands
2609,7254,United States
2610,7255,Spain
2611,7256,United Kingdom
2612,7264,United Kingdom
2613,7275,United States
2614,7278,United States
2615,7283,United States
2616,7288,United States
2617,7292,Japan
2618,7299,United States
2619,7300,United States
2620,7301,United States
2621,7307,Japan
2622,7309,France
2623,7310,United States
2624,7316,Japan
2625,7317,United States
2626,7318,United States
2627,7319,United States
2628,7323,France
2629,7324,South Africa
2630,7330,Poland
2631,7331,United States
2632,7332,United States
2633,7334,United States
2634,7340,United States
2635,7342,United Kingdom
2636,7343,United States
2637,7345,United States
2638,7348,Philippines
2639,7350,South Korea
2640,7352,United States
2641,7354,United States
2642,7355,United Kingdom
2643,7356,United Kingdom
2644,7361,United Kingdom
2645,7362,France
2646,7365,United Kingdom
2647,7366,United Kingdom
2648,7369,United Kingdom
2649,7371,United States
2650,7377,Nigeria
2651,7381,Canada
2652,7383,United States
2653,7386,France
2654,7392,United States
2655,7393,United Kingdom
2656,7397,Chile
2657,7400,United States
2658,7410,United States
2659,7412,Canada
2660,7415,United States
2661,7418,United States
2662,7419,Ireland
2663,7421,United States
2664,7424,United States
2665,7425,United States
2666,7426,United States
2667,7428,United States
2668,7430,Canada
2669,7431,United States
2670,7433,Philippines
2671,7437,United States
2672,7438,Canada
2673,7439,United Kingdom
2674,7442,United Kingdom
2675,7446,United Kingdom
2676,7447,United States
2677,7453,United States
2678,7456,Canada
2679,7458,United Kingdom
2680,7459,United States
2681,7461,United States
2682,7465,United States
2683,7475,Philippines
2684,7476,United States
2685,7478,India
2686,7479,Australia
2687,7481,United States
2688,7488,Turkmenistan
2689,7491,India
2690,7494,Canada
2691,7496,United States
2692,7497,United States
2693,7501,United Kingdom
2694,7502,United States
2695,7503,United States
2696,7504,United States
2697,7505,United States
2698,7510,United States
2699,7512,Australia
2700,7513,Australia
2701,7515,United Kingdom
2702,7518,Canada
2703,7520,Czech Republic
2704,7522,India
2705,7525,United Kingdom
2706,7526,United States
2707,7527,Canada
2708,7528,Pakistan
2709,7531,United States
2710,7532,Czech Republic
2711,7533,Pakistan
2712,7536,Pakistan
2713,7542,United Kingdom
2714,7543,United States
2715,7544,United States
2716,7545,Chile
2717,7551,United States
2718,7552,Indonesia
2719,7554,Nigeria
2720,7555,United States
2721,7560,Indonesia
2722,7561,United States
2723,7563,Italy
2724,7566,Canada
2725,7568,Sweden
2726,7569,United States
2727,7571,United States
2728,7576,United Kingdom
2729,7577,Nigeria
2730,7578,Netherlands
2731,7581,Nigeria
2732,7582,United States
2733,7583,Finland
2734,7585,Nigeria
2735,7587,Japan
2736,7588,France
2737,7589,France
2738,7593,United States
2739,7598,Nigeria
2740,7600,United States
2741,7602,United States
2742,7603,United Kingdom
2743,7604,United States
2744,7605,India
2745,7611,United States
2746,7613,United States
2747,7617,United States
2748,7621,United Kingdom
2749,7623,Nigeria
2750,7626,United States
2751,7627,Canada
2752,7630,United States
2753,7633,United States
2754,7639,United Kingdom
2755,7640,United Kingdom
2756,7643,United States
2757,7645,Brazil
2758,7647,United Kingdom
2759,7652,Canada
2760,7654,United States
2761,7657,United States
2762,7668,United States
2763,7669,United States
2764,7670,United States
2765,7672,United States
2766,7675,New Zealand
2767,7677,Denmark
2768,7679,United States
2769,7686,United States
2770,7687,Canada
2771,7688,United States
2772,7695,United States
2773,7696,United States
2774,7699,Argentina
2775,7703,Singapore
2776,7707,United States
2777,7711,United States
2778,7712,United Kingdom
2779,7718,United States
2780,7720,Australia
2781,7721,United Kingdom
2782,7723,United Kingdom
2783,7724,Georgia
2784,7725,United Kingdom
2785,7728,United Kingdom
2786,7733,United States
2787,7735,United States
2788,7739,United States
2789,7744,United Kingdom
2790,7746,United States
2791,7747,United States
2792,7748,United States
2793,7752,Indonesia
2794,7755,United States
2795,7756,Italy
2796,7759,Nigeria
2797,7760,United States
2798,7764,United States
2799,7765,United States
2800,7766,United States
2801,7768,United States
2802,7769,United Kingdom
2803,7771,Brazil
2804,7772,India
2805,7773,Indonesia
2806,7775,United States
2807,7780,United States
2808,7781,United States
2809,7787,United States
2810,7788,Canada
2811,7789,United States
2812,7790,Indonesia
2813,7793,United States
2814,7797,United States
2815,7799,United States
2816,7800,South Africa
2817,7801,Romania
2818,7803,India
2819,7804,United States
2820,7807,United States
2821,7810,India
2822,7817,India
2823,7818,India
2824,7822,The Netherlands
2825,7823,United States
2826,7830,United States
2827,7831,United States
2828,7833,United States
2829,7839,United Kingdom
2830,7840,United States
2831,7849,United States
2832,7850,South Korea
2833,7851,South Africa
2834,7852,United States
2835,7854,Russia
2836,7855,United States
2837,7860,United States
2838,7862,Australia
2839,7863,United States
2840,7867,United States
2841,7872,China
2842,7877,United States
2843,7882,Mongolia
2844,7885,United States
2845,7889,China
2846,7891,United Kingdom
2847,7893,Italy
2848,7894,China
2849,7895,United States
2850,7902,United States
2851,7903,United States
2852,7905,Poland
2853,7906,United States
2854,7909,Canada
2855,7910,United States
2856,7912,United States
2857,7913,Canada
2858,7914,Nigeria
2859,7915,United States
2860,7918,United States
2861,7924,Australia
2862,7926,United States
2863,7929,United States
2864,7930,France
2865,7932,United States
2866,7937,United States
2867,7938,United States
2868,7939,United States
2869,7940,United States
2870,7941,United States
2871,7943,United States
2872,7944,Canada
2873,7949,United Kingdom
2874,7950,Brazil
2875,7952,Canada
2876,7953,United States
2877,7954,United States
2878,7955,Nigeria
2879,7958,United Kingdom
2880,7962,Nigeria
2881,7963,United States
2882,7984,United States
2883,7990,United States
2884,7991,Kenya
2885,7992,United States
2886,8003,Kenya
2887,8008,United States
2888,8012,Canada
2889,8016,United States
2890,8025,Spain
2891,8030,Nigeria
2892,8031,Australia
2893,8034,United States
2894,8037,India
2895,8039,Australia
2896,8040,Jordan
2897,8043,Libya
2898,8047,New Zealand
2899,8055,Colombia
2900,8057,Australia
2901,8058,Switzerland
2902,8060,Trinidad and Tobago
2903,8061,United States
2904,8064,Canada
2905,8065,United States
2906,8067,United States
2907,8070,Australia
2908,8071,United States
2909,8079,United States
2910,8081,United States
2911,8083,United States
2912,8084,Canada
2913,8085,Pakistan
2914,8089,India
2915,8094,United States
2916,8096,Nigeria
2917,8097,Indonesia
2918,8098,United States
2919,8100,United Kingdom
2920,8101,United States
2921,8102,United Kingdom
2922,8103,Canada
2923,8105,United Kingdom
2924,8106,United States
2925,8109,United Kingdom
2926,8110,India
2927,8116,United States
2928,8118,United States
2929,8120,United States
2930,8121,United States
2931,8122,Nigeria
2932,8125,United Kingdom
2933,8126,United States
2934,8130,United Kingdom
2935,8131,Ireland
2936,8136,United States
2937,8137,United States
2938,8138,Canada
2939,8141,South Africa
2940,8142,Nigeria
2941,8143,Germany
2942,8144,Malaysia
2943,8146,Indonesia
2944,8150,Africa
2945,8155,Nigeria
2946,8156,United Kingdom
2947,8162,United Kingdom
2948,8170,Thailand
2949,8176,United States
2950,8181,United States
2951,8189,France
2952,8195,Serbia
2953,8196,India
2954,8201,United Kingdom
2955,8208,Sweden
2956,8209,South Africa
2957,8210,United States
2958,8217,United States
2959,8221,United States
2960,8223,United States
2961,8224,United States
2962,8225,United States
2963,8226,United Kingdom
2964,8231,Philippines
2965,8235,United States
2966,8236,United States
2967,8237,Ireland
2968,8238,India
2969,8239,Indonesia
2970,8241,Canada
2971,8242,United Kingdom
2972,8243,Ireland
2973,8250,Australia
2974,8252,United States
2975,8253,United States
2976,8254,Canada
2977,8258,United States
2978,8262,United States
2979,8264,United States
2980,8270,United Kingdom
2981,8276,United States
2982,8283,United States
2983,8285,India
2984,8288,United States
2985,8291,United States
2986,8292,United States
2987,8294,Nigeria
2988,8301,Ghana
2989,8309,United Arab Emirates
2990,8311,United States
2991,8312,Italy
2992,8314,United Kingdom
2993,8317,Canada
2994,8318,United States
2995,8320,United States
2996,8324,United States
2997,8329,Africa
2998,8330,Canada
2999,8332,United States
3000,8335,United States
3001,8339,United States
3002,8341,United States
3003,8344,Canada
3004,8345,United States
3005,8347,Indonesia
3006,8348,United Kingdom
3007,8349,United States
3008,8350,United States
3009,8351,United States
3010,8356,United States
3011,8362,United Kingdom
3012,8363,United States
3013,8365,United States
3014,8366,Canada
3015,8367,United Kingdom
3016,8369,United States
3017,8375,Canada
3018,8378,United States
3019,8382,United States
3020,8383,United States
3021,8386,Philippines
3022,8389,Canada
3023,8390,United States
3024,8392,United States
3025,8393,United States
3026,8396,United States
3027,8399,United States
3028,8400,United States
3029,8402,United States
3030,8404,United States
3031,8405,United States
3032,8408,United States
3033,8409,United States
3034,8410,United States
3035,8411,United States
3036,8412,United States
3037,8415,Senegal
3038,8416,United States
3039,8418,United States
3040,8419,United States
3041,8422,United States
3042,8423,United States
3043,8425,Australia
3044,8428,United States
3045,8430,United States
3046,8431,United States
3047,8432,United States
3048,8433,United States
3049,8434,United States
3050,8435,United States
3051,8441,United States
3052,8448,Norway
3053,8450,United States
3054,8454,Philippines
3055,8455,United States
3056,8459,United States
3057,8463,United States
3058,8464,United States
3059,8468,United States
3060,8471,Australia
3061,8472,United States
3062,8477,United States
3063,8486,Australia
3064,8497,Italy
3065,8500,United States
3066,8504,United States
3067,8505,United States
3068,8506,Brazil
3069,8508,United States
3070,8516,United States
3071,8520,Canada
3072,8523,United States
3073,8526,Portugal
3074,8533,United Kingdom
3075,8540,United States
3076,8543,United States
3077,8550,United States
3078,8551,Canada
3079,8553,United States
3080,8556,United States
3081,8560,Brazil
3082,8567,United States
3083,8577,Australia
3084,8578,Canada
3085,8581,Canada
3086,8584,South Africa
3087,8585,United States
3088,8586,United States
3089,8587,Denmark
3090,8591,United States
3091,8595,Somalia
3092,8596,Canada
3093,8606,United Kingdom
3094,8608,Somalia
3095,8610,United States
3096,8623,Somalia
3097,8624,India
3098,8627,United States
3099,8628,United States
3100,8631,United States
3101,8633,Somalia
3102,8635,China
3103,8636,Australia
3104,8637,United Kingdom
3105,8646,Trinidad and Tobago
3106,8648,United States
3107,8650,United States
3108,8653,Canada
3109,8654,United States
3110,8656,United Kingdom
3111,8658,United States
3112,8667,United States
3113,8668,United States
3114,8670,United States
3115,8673,United States
3116,8674,United States
3117,8676,United States
3118,8680,United States
3119,8681,United States
3120,8684,United States
3121,8686,United Kingdom
3122,8689,United States
3123,8692,United States
3124,8693,United States
3125,8695,Canada
3126,8699,United States
3127,8709,Canada
3128,8710,Canada
3129,8717,United States
3130,8720,United States
3131,8721,United Kingdom
3132,8722,The Netherlands
3133,8724,Australia
3134,8733,United Kingdom
3135,8734,United States
3136,8737,United Kingdom
3137,8738,United States
3138,8739,Italy
3139,8741,United Kingdom
3140,8742,United States
3141,8744,Kenya
3142,8745,United States
3143,8746,United Kingdom
3144,8747,United States
3145,8752,United Arab Emirates
3146,8753,United States
3147,8754,United States
3148,8757,France
3149,8758,Czech Republic
3150,8760,United States
3151,8762,United Kingdom
3152,8766,India
3153,8767,India
3154,8774,United States
3155,8775,United States
3156,8777,United States
3157,8781,United States
3158,8783,United States
3159,8790,United States
3160,8791,United States
3161,8797,France
3162,8799,United States
3163,8801,United States
3164,8808,United States
3165,8810,United States
3166,8815,Australia
3167,8816,United States
3168,8817,United States
3169,8823,Germany
3170,8825,Canada
3171,8830,United States
3172,8831,Canada
3173,8832,United States
3174,8835,Brazil
3175,8836,Philippines
3176,8837,Australia
3177,8840,Canada
3178,8844,United States
3179,8846,Brazil
3180,8848,Colombia
3181,8857,United States
3182,8863,United Kingdom
3183,8869,United States
3184,8880,India
3185,8885,United States
3186,8887,Canada
3187,8888,Indonesia
3188,8890,United States
3189,8892,United States
3190,8893,United States
3191,8899,United States
3192,8900,United States
3193,8902,United States
3194,8903,United Kingdom
3195,8905,United Kingdom
3196,8906,United States
3197,8907,United States
3198,8908,Australia
3199,8912,United States
3200,8914,United Kingdom
3201,8921,United States
3202,8923,United States
3203,8924,United States
3204,8931,United Kingdom
3205,8934,United Kingdom
3206,8935,South Africa
3207,8939,United States
3208,8941,Italy
3209,8945,United States
3210,8949,United States
3211,8953,Poland
3212,8955,Australia
3213,8959,United States
3214,8961,United States
3215,8962,United States
3216,8967,United States
3217,8968,United States
3218,8969,India
3219,8971,United States
3220,8972,Canada
3221,8974,United States
3222,8976,United States
3223,8986,Canada
3224,8987,Chile
3225,8996,United States
3226,8998,United States
3227,8999,United States
3228,9000,United States
3229,9001,United States
3230,9002,United States
3231,9005,Argentina
3232,9012,United States
3233,9023,United States
3234,9025,United States
3235,9026,United States
3236,9027,United States
3237,9028,South Africa
3238,9038,United States
3239,9041,France
3240,9042,Germany
3241,9044,Canada
3242,9045,Canada
3243,9052,Indonesia
3244,9053,Indonesia
3245,9058,India
3246,9059,United States
3247,9060,United States
3248,9062,Canada
3249,9067,United States
3250,9071,Indonesia
3251,9074,Indonesia
3252,9078,United States
3253,9085,United Kingdom
3254,9089,United States
3255,9094,United Kingdom
3256,9095,Nigeria
3257,9098,Nigeria
3258,9100,Nigeria
3259,9101,Nigeria
3260,9107,Nigeria
3261,9109,India
3262,9113,Nigeria
3263,9114,Nigeria
3264,9119,Syria
3265,9120,Nigeria
3266,9128,United States
3267,9134,Nigeria
3268,9135,Nigeria
3269,9139,Nigeria
3270,9149,Finland
3271,9151,Saudi Arabia
3272,9156,United States
3273,9161,Mexico
3274,9162,United States
3275,9169,Indonesia
3276,9175,Africa
3277,9177,Russia
3278,9183,United Kingdom
3279,9185,Nigeria
3280,9194,Australia
3281,9197,United Kingdom
3282,9209,France
3283,9210,United States
3284,9212,Turkey
3285,9216,United States
3286,9220,United States
3287,9221,United States
3288,9222,Canada
3289,9223,Belgium
3290,9226,Australia
3291,9230,United States
3292,9231,United States
3293,9233,Nigeria
3294,9235,United States
3295,9237,France
3296,9246,Norway
3297,9248,United Kingdom
3298,9249,United States
3299,9252,United States
3300,9254,Indonesia
3301,9257,United States
3302,9259,United Kingdom
3303,9260,United States
3304,9262,Botswana
3305,9263,United Kingdom
3306,9264,United Kingdom
3307,9266,United Kingdom
3308,9268,Kenya
3309,9270,India
3310,9272,United States
3311,9273,United Kingdom
3312,9275,United Kingdom
3313,9276,United States
3314,9277,United States
3315,9278,United States
3316,9281,United Kingdom
3317,9283,United States
3318,9289,United States
3319,9292,Spain
3320,9293,Indonesia
3321,9297,United States
3322,9298,United States
3323,9303,United States
3324,9307,United States
3325,9311,United States
3326,9313,United States
3327,9315,Australia
3328,9317,United States
3329,9319,Japan
3330,9321,United States
3331,9322,Barbados
3332,9330,United States
3333,9338,Australia
3334,9342,United Kingdom
3335,9345,United States
3336,9346,United States
3337,9347,United States
3338,9348,United States
3339,9351,India
3340,9361,United States
3341,9365,United Kingdom
3342,9367,Nigeria
3343,9368,Slovenia
3344,9371,Pakistan
3345,9372,United States
3346,9375,Argentina
3347,9378,United Kingdom
3348,9380,Bulgaria
3349,9382,United Kingdom
3350,9384,United Kingdom
3351,9386,United States
3352,9388,United States
3353,9401,Canada
3354,9404,United States
3355,9405,United States
3356,9416,United Kingdom
3357,9417,United States
3358,9418,United States
3359,9420,United States
3360,9421,Brazil
3361,9422,United States
3362,9432,China
3363,9434,United States
3364,9436,United States
3365,9450,United States
3366,9451,United States
3367,9452,United States
3368,9455,United States
3369,9456,United States
3370,9458,Canada
3371,9465,Australia
3372,9469,United States
3373,9471,United States
3374,9472,Saudi Arabia
3375,9474,Canada
3376,9491,India
3377,9495,Pakistan
3378,9503,Israel
3379,9505,India
3380,9509,India
3381,9510,Australia
3382,9511,India
3383,9513,India
3384,9520,Canada
3385,9522,United Kingdom
3386,9537,United States
3387,9538,United States
3388,9548,Guernsey
3389,9551,United States
3390,9552,United Kingdom
3391,9553,United States
3392,9559,United Kingdom
3393,9562,United States
3394,9563,United States
3395,9565,United Kingdom
3396,9566,United States
3397,9568,United Kingdom
3398,9569,United States
3399,9571,United States
3400,9572,United Kingdom
3401,9576,United States
3402,9579,United Kingdom
3403,9585,United States
3404,9593,Spain
3405,9597,Ghana
3406,9600,United States
3407,9608,United States
3408,9611,United States
3409,9613,United States
3410,9616,United States
3411,9617,United States
3412,9619,Australia
3413,9620,United States
3414,9627,United States
3415,9629,United States
3416,9634,Germany
3417,9639,United States
3418,9642,United States
3419,9643,United States
3420,9645,United States
3421,9646,United States
3422,9650,Canada
3423,9652,Finland
3424,9654,Canada
3425,9655,United States
3426,9656,United States
3427,9659,The Netherlands
3428,9661,United States
3429,9663,India
3430,9667,United States
3431,9669,United States
3432,9670,Canada
3433,9673,United States
3434,9674,United States
3435,9675,United States
3436,9678,United States
3437,9680,United States
3438,9681,Canada
3439,9683,United States
3440,9686,India
3441,9699,Canada
3442,9701,Sudan
3443,9702,United States
3444,9706,United States
3445,9708,India
3446,9712,United States
3447,9719,United States
3448,9722,United States
3449,9723,India
3450,9724,United States
3451,9729,United Arab Emirates
3452,9734,Canada
3453,9736,United States
3454,9738,United States
3455,9741,United States
3456,9746,India
3457,9750,India
3458,9752,United States
3459,9755,Jamaika
3460,9756,United States
3461,9759,United States
3462,9760,United Kingdom
3463,9763,United States
3464,9772,United States
3465,9774,United States
3466,9780,Canada
3467,9783,United States
3468,9787,United States
3469,9791,United States
3470,9795,United Kingdom
3471,9796,United States
3472,9806,United States
3473,9810,United States
3474,9812,United States
3475,9813,United States
3476,9823,United States
3477,9829,United States
3478,9832,United States
3479,9835,United States
3480,9838,United States
3481,9849,United States
3482,9850,United States
3483,9854,United States
3484,9857,United States
3485,9858,United Kingdom
3486,9859,Ireland
3487,9860,United Kingdom
3488,9862,United Kingdom
3489,9864,Sweden
3490,9865,United Kingdom
3491,9866,Ireland
3492,9868,United Kingdom
3493,9869,Ireland
3494,9870,Czech Republic
3495,9872,United Kingdom
3496,9875,South Africa
3497,9877,United Kingdom
3498,9878,United Kingdom
3499,9884,United Kingdom
3500,9886,United Kingdom
3501,9890,United Kingdom
3502,9898,United Kingdom
3503,9901,Australia
3504,9910,Australia
3505,9915,United States
3506,9916,Canada
3507,9918,United States
3508,9920,United States
3509,9925,United States
3510,9930,United States
3511,9932,United States
3512,9933,United States
3513,9938,Canada
3514,9944,United Kingdom
3515,9945,United States
3516,9946,Philippines
3517,9948,United States
3518,9949,United States
3519,9955,United States
3520,9965,United States
3521,9982,Germany
3522,9983,United States
3523,9985,Netherlands
3524,9986,Nigeria
3525,9988,United States
3526,9994,United States
3527,9995,United States
3528,10001,United States
3529,10009,Canada
3530,10012,United States
3531,10013,United States
3532,10016,United States
3533,10017,Switzerland
3534,10021,United Kingdom
3535,10029,United States
3536,10032,Canada
3537,10034,United States
3538,10035,United States
3539,10037,United States
3540,10041,Portugal
3541,10052,United States
3542,10054,United States
3543,10056,United Kingdom
3544,10060,Canada
3545,10061,United States
3546,10064,Nigeria
3547,10066,United States
3548,10069,Ghana
3549,10070,Thailand
3550,10075,United States
3551,10076,United States
3552,10077,United States
3553,10080,Dominican Republic
3554,10081,United States
3555,10087,United States
3556,10090,United States
3557,10091,United States
3558,10092,India
3559,10098,Italy
3560,10101,United States
3561,10106,Bangladesh
3562,10107,Canada
3563,10110,United States
3564,10111,United States
3565,10114,Jamaika
3566,10115,United States
3567,10116,United Kingdom
3568,10118,Australia
3569,10119,New Zealand
3570,10120,United States
3571,10121,United States
3572,10124,United States
3573,10130,United States
3574,10136,United States
3575,10137,United States
3576,10139,United Kingdom
3577,10140,Costa Rica
3578,10141,Canada
3579,10142,United States
3580,10143,Pakistan
3581,10144,United States
3582,10146,India
3583,10147,United States
3584,10151,United Kingdom
3585,10152,Philippines
3586,10153,Pakistan
3587,10156,United States
3588,10157,Australia
3589,10159,United Kingdom
3590,10164,United States
3591,10168,Canada
3592,10175,United States
3593,10176,United States
3594,10182,United States
3595,10183,United States
3596,10186,South Africa
3597,10187,Costa Rica
3598,10193,United States
3599,10194,United Kingdom
3600,10197,Canada
3601,10201,New Zealand
3602,10202,Kenya
3603,10204,Barbados
3604,10208,Australia
3605,10209,Poland
3606,10210,United States
3607,10212,Argentina
3608,10214,United States
3609,10220,United States
3610,10222,United States
3611,10226,France
3612,10231,United States
3613,10237,United States
3614,10239,United States
3615,10241,United States
3616,10244,Indonesia
3617,10246,United States
3618,10250,United States
3619,10255,United States
3620,10256,United Kingdom
3621,10259,United States
3622,10263,United States
3623,10273,United States
3624,10280,United States
3625,10283,Canada
3626,10284,France
3627,10286,United States
3628,10289,United States
3629,10297,United States
3630,10301,Canada
3631,10303,Indonesia
3632,10304,United States
3633,10306,United States
3634,10310,United States
3635,10314,United States
3636,10317,United States
3637,10322,United States
3638,10323,United Kingdom
3639,10325,India
3640,10331,United States
3641,10334,United States
3642,10335,United States
3643,10336,United States
3644,10338,Japan
3645,10339,United States
3646,10340,United Kingdom
3647,10345,United States
3648,10349,United Kingdom
3649,10360,United States
3650,10361,China
3651,10367,Kenya
3652,10368,United States
3653,10371,United States
3654,10375,United States
3655,10376,Poland
3656,10378,United Kingdom
3657,10380,United Kingdom
3658,10381,United Kingdom
3659,10382,United States
3660,10383,Netherlands
3661,10384,United States
3662,10385,United States
3663,10390,United States
3664,10392,United States
3665,10394,Thailand
3666,10395,United Kingdom
3667,10401,United Kingdom
3668,10405,United States
3669,10406,United States
3670,10413,United States
3671,10414,Kenya
3672,10415,United States
3673,10418,Australia
3674,10419,United States
3675,10422,United States
3676,10423,United States
3677,10427,United Kingdom
3678,10430,United States
3679,10431,France
3680,10432,United States
3681,10434,United Kingdom
3682,10436,United States
3683,10443,United States
3684,10444,United States
3685,10448,United States
3686,10449,United States
3687,10450,United States
3688,10455,United States
3689,10457,United States
3690,10458,Italy
3691,10461,United States
3692,10462,Spain
3693,10464,South Africa
3694,10466,United States
3695,10467,United States
3696,10468,United States
3697,10472,Canada
3698,10473,United Kingdom
3699,10478,United States
3700,10482,Canada
3701,10484,United States
3702,10485,United States
3703,10490,United States
3704,10492,The Netherlands
3705,10496,Australia
3706,10499,United States
3707,10503,United States
3708,10505,Canada
3709,10508,Canada
3710,10511,United States
3711,10513,United States
3712,10515,Canada
3713,10516,United States
3714,10518,United States
3715,10520,United States
3716,10527,United States
3717,10533,United States
3718,10534,United States
3719,10535,United States
3720,10537,United States
3721,10540,United States
3722,10544,Canada
3723,10546,United States
3724,10550,Nigeria
3725,10551,United States
3726,10553,United States
3727,10554,United States
3728,10557,United States
3729,10558,United States
3730,10560,Indonesia
3731,10561,United States
3732,10562,United States
3733,10563,Canada
3734,10564,United States
3735,10570,United States
3736,10573,United States
3737,10576,United States
3738,10578,United States
3739,10581,United States
3740,10583,United States
3741,10587,Venezuela
3742,10589,United States
3743,10590,United States
3744,10591,United States
3745,10592,United States
3746,10593,Venezuela
3747,10596,Canada
3748,10599,United States
3749,10600,Dominican Republic
3750,10601,United States
3751,10606,United States
3752,10607,Fiji
3753,10613,United States
3754,10616,United States
3755,10621,United States
3756,10626,United States
3757,10627,United Kingdom
3758,10628,United States
3759,10632,United States
3760,10636,United States
3761,10637,United Kingdom
3762,10640,United Kingdom
3763,10641,Pakistan
3764,10647,Pakistan
3765,10648,United States
3766,10650,United States
3767,10655,United States
3768,10656,United States
3769,10657,United States
3770,10660,United States
3771,10665,United States
3772,10666,South Africa
3773,10669,Nigeria
3774,10671,United States
3775,10672,United Kingdom
3776,10675,United States
3777,10678,United States
3778,10681,United States
3779,10684,United States
3780,10685,United Kingdom
3781,10690,Argentina
3782,10692,United States
3783,10695,United Kingdom
3784,10696,Canada
3785,10698,United States
3786,10704,United States
3787,10706,United States
3788,10707,United States
3789,10710,United States
3790,10712,United States
3791,10718,United States
3792,10720,United Kingdom
3793,10721,United States
3794,10722,United States
3795,10723,United States
3796,10729,United Kingdom
3797,10731,Canada
3798,10732,United States
3799,10735,India
3800,10736,Japan
3801,10739,Australia
3802,10744,India
3803,10745,India
3804,10748,Africa
3805,10750,India
3806,10751,Thailand
3807,10752,India
3808,10753,India
3809,10754,India
3810,10759,United States
3811,10764,Ireland
3812,10766,India
3813,10767,United Kingdom
3814,10771,India
3815,10772,India
3816,10775,India
3817,10776,India
3818,10779,India
3819,10780,India
3820,10782,India
3821,10783,China
3822,10784,India
3823,10785,United States
3824,10786,United Kingdom
3825,10788,United States
3826,10789,United States
3827,10795,United States
3828,10800,United States
3829,10815,United States
3830,10817,United States
3831,10819,United States
3832,10821,United States
3833,10822,United Kingdom
3834,10823,United States
3835,10824,United States
3836,10826,United States
3837,10831,Canada
3838,10832,United Kingdom
3839,10833,United States
